Year	Country	Population
1799	Bangladesh	19200000
1800	Bangladesh	19200000
1801	Bangladesh	19300000
1802	Bangladesh	19300000
1803	Bangladesh	19300000
1804	Bangladesh	19400000
1805	Bangladesh	19400000
1806	Bangladesh	19500000
1807	Bangladesh	19500000
1808	Bangladesh	19500000
1809	Bangladesh	19600000
1810	Bangladesh	19600000
1811	Bangladesh	19700000
1812	Bangladesh	19700000
1813	Bangladesh	19800000
1814	Bangladesh	19800000
1815	Bangladesh	19900000
1816	Bangladesh	19900000
1817	Bangladesh	20000000
1818	Bangladesh	20000000
1819	Bangladesh	20100000
1820	Bangladesh	20100000
1821	Bangladesh	20200000
1822	Bangladesh	20300000
1823	Bangladesh	20300000
1824	Bangladesh	20400000
1825	Bangladesh	20500000
1826	Bangladesh	20600000
1827	Bangladesh	20700000
1828	Bangladesh	20800000
1829	Bangladesh	20900000
1830	Bangladesh	21000000
1831	Bangladesh	21000000
1832	Bangladesh	21100000
1833	Bangladesh	21200000
1834	Bangladesh	21300000
1835	Bangladesh	21400000
1836	Bangladesh	21500000
1837	Bangladesh	21600000
1838	Bangladesh	21700000
1839	Bangladesh	21800000
1840	Bangladesh	21900000
1841	Bangladesh	22000000
1842	Bangladesh	22000000
1843	Bangladesh	22100000
1844	Bangladesh	22200000
1845	Bangladesh	22300000
1846	Bangladesh	22400000
1847	Bangladesh	22500000
1848	Bangladesh	22600000
1849	Bangladesh	22700000
1850	Bangladesh	22700000
1851	Bangladesh	22800000
1852	Bangladesh	22800000
1853	Bangladesh	22900000
1854	Bangladesh	22900000
1855	Bangladesh	22900000
1856	Bangladesh	23000000
1857	Bangladesh	23000000
1858	Bangladesh	23000000
1859	Bangladesh	23100000
1860	Bangladesh	23100000
1861	Bangladesh	23100000
1862	Bangladesh	23200000
1863	Bangladesh	23200000
1864	Bangladesh	23300000
1865	Bangladesh	23300000
1866	Bangladesh	23300000
1867	Bangladesh	23400000
1868	Bangladesh	23400000
1869	Bangladesh	23500000
1870	Bangladesh	23500000
1871	Bangladesh	23600000
1872	Bangladesh	23700000
1873	Bangladesh	23800000
1874	Bangladesh	23800000
1875	Bangladesh	23900000
1876	Bangladesh	24000000
1877	Bangladesh	24100000
1878	Bangladesh	24200000
1879	Bangladesh	24300000
1880	Bangladesh	24400000
1881	Bangladesh	24400000
1882	Bangladesh	24500000
1883	Bangladesh	24600000
1884	Bangladesh	24700000
1885	Bangladesh	24800000
1886	Bangladesh	24900000
1887	Bangladesh	24900000
1888	Bangladesh	25000000
1889	Bangladesh	25100000
1890	Bangladesh	25200000
1891	Bangladesh	25300000
1892	Bangladesh	25400000
1893	Bangladesh	25400000
1894	Bangladesh	25500000
1895	Bangladesh	25600000
1896	Bangladesh	25700000
1897	Bangladesh	25800000
1898	Bangladesh	25900000
1899	Bangladesh	26000000
1900	Bangladesh	26000000
1901	Bangladesh	26100000
1902	Bangladesh	26200000
1903	Bangladesh	26300000
1904	Bangladesh	26400000
1905	Bangladesh	26500000
1906	Bangladesh	26600000
1907	Bangladesh	26600000
1908	Bangladesh	26700000
1909	Bangladesh	26800000
1910	Bangladesh	26800000
1911	Bangladesh	26900000
1912	Bangladesh	26900000
1913	Bangladesh	26900000
1914	Bangladesh	26900000
1915	Bangladesh	27000000
1916	Bangladesh	27000000
1917	Bangladesh	27100000
1918	Bangladesh	27200000
1919	Bangladesh	27300000
1920	Bangladesh	27400000
1921	Bangladesh	27500000
1922	Bangladesh	27600000
1923	Bangladesh	27700000
1924	Bangladesh	27900000
1925	Bangladesh	28000000
1926	Bangladesh	28100000
1927	Bangladesh	28200000
1928	Bangladesh	28400000
1929	Bangladesh	28700000
1930	Bangladesh	29100000
1931	Bangladesh	29600000
1932	Bangladesh	30200000
1933	Bangladesh	30800000
1934	Bangladesh	31400000
1935	Bangladesh	32000000
1936	Bangladesh	32700000
1937	Bangladesh	33300000
1938	Bangladesh	33900000
1939	Bangladesh	34400000
1940	Bangladesh	34900000
1941	Bangladesh	35200000
1942	Bangladesh	35500000
1943	Bangladesh	35800000
1944	Bangladesh	36100000
1945	Bangladesh	36400000
1946	Bangladesh	36700000
1947	Bangladesh	37000000
1948	Bangladesh	37400000
1949	Bangladesh	37900000
1950	Bangladesh	38700000
1951	Bangladesh	39500000
1952	Bangladesh	40300000
1953	Bangladesh	41100000
1954	Bangladesh	42100000
1955	Bangladesh	43100000
1956	Bangladesh	44200000
1957	Bangladesh	45400000
1958	Bangladesh	46700000
1959	Bangladesh	48000000
1960	Bangladesh	49400000
1961	Bangladesh	50800000
1962	Bangladesh	52200000
1963	Bangladesh	53700000
1964	Bangladesh	55400000
1965	Bangladesh	57200000
1966	Bangladesh	59000000
1967	Bangladesh	60900000
1968	Bangladesh	62700000
1969	Bangladesh	64200000
1970	Bangladesh	65500000
1971	Bangladesh	66600000
1972	Bangladesh	67600000
1973	Bangladesh	68700000
1974	Bangladesh	70100000
1975	Bangladesh	71700000
1976	Bangladesh	73500000
1977	Bangladesh	75500000
1978	Bangladesh	77500000
1979	Bangladesh	79600000
1980	Bangladesh	81800000
1981	Bangladesh	83900000
1982	Bangladesh	86100000
1983	Bangladesh	88400000
1984	Bangladesh	90800000
1985	Bangladesh	93200000
1986	Bangladesh	95700000
1987	Bangladesh	98200000
1988	Bangladesh	101000000
1989	Bangladesh	103000000
1990	Bangladesh	106000000
1991	Bangladesh	108000000
1992	Bangladesh	110000000
1993	Bangladesh	113000000
1994	Bangladesh	115000000
1995	Bangladesh	118000000
1996	Bangladesh	120000000
1997	Bangladesh	123000000
1998	Bangladesh	125000000
1999	Bangladesh	128000000
2000	Bangladesh	130000000
2001	Bangladesh	132000000
2002	Bangladesh	135000000
2003	Bangladesh	137000000
2004	Bangladesh	139000000
2005	Bangladesh	141000000
2006	Bangladesh	143000000
2007	Bangladesh	144000000
2008	Bangladesh	146000000
2009	Bangladesh	148000000
2010	Bangladesh	149000000
2011	Bangladesh	151000000
2012	Bangladesh	153000000
2013	Bangladesh	155000000
2014	Bangladesh	156000000
2015	Bangladesh	158000000
2016	Bangladesh	160000000
2017	Bangladesh	161000000
2018	Bangladesh	163000000
2019	Bangladesh	165000000
1799	Brazil	2500000
1800	Brazil	2570000
1801	Brazil	2650000
1802	Brazil	2730000
1803	Brazil	2810000
1804	Brazil	2900000
1805	Brazil	2980000
1806	Brazil	3070000
1807	Brazil	3160000
1808	Brazil	3260000
1809	Brazil	3360000
1810	Brazil	3460000
1811	Brazil	3560000
1812	Brazil	3670000
1813	Brazil	3780000
1814	Brazil	3890000
1815	Brazil	4010000
1816	Brazil	4130000
1817	Brazil	4250000
1818	Brazil	4370000
1819	Brazil	4470000
1820	Brazil	4570000
1821	Brazil	4650000
1822	Brazil	4730000
1823	Brazil	4800000
1824	Brazil	4880000
1825	Brazil	4960000
1826	Brazil	5030000
1827	Brazil	5110000
1828	Brazil	5200000
1829	Brazil	5280000
1830	Brazil	5360000
1831	Brazil	5450000
1832	Brazil	5530000
1833	Brazil	5620000
1834	Brazil	5710000
1835	Brazil	5800000
1836	Brazil	5890000
1837	Brazil	5990000
1838	Brazil	6080000
1839	Brazil	6180000
1840	Brazil	6280000
1841	Brazil	6380000
1842	Brazil	6480000
1843	Brazil	6580000
1844	Brazil	6690000
1845	Brazil	6790000
1846	Brazil	6900000
1847	Brazil	7010000
1848	Brazil	7120000
1849	Brazil	7230000
1850	Brazil	7350000
1851	Brazil	7460000
1852	Brazil	7570000
1853	Brazil	7690000
1854	Brazil	7810000
1855	Brazil	7930000
1856	Brazil	8050000
1857	Brazil	8180000
1858	Brazil	8300000
1859	Brazil	8430000
1860	Brazil	8560000
1861	Brazil	8690000
1862	Brazil	8820000
1863	Brazil	8960000
1864	Brazil	9100000
1865	Brazil	9240000
1866	Brazil	9380000
1867	Brazil	9530000
1868	Brazil	9680000
1869	Brazil	9840000
1870	Brazil	10000000
1871	Brazil	10200000
1872	Brazil	10400000
1873	Brazil	10600000
1874	Brazil	10800000
1875	Brazil	11000000
1876	Brazil	11200000
1877	Brazil	11400000
1878	Brazil	11600000
1879	Brazil	11800000
1880	Brazil	12100000
1881	Brazil	12300000
1882	Brazil	12500000
1883	Brazil	12800000
1884	Brazil	13000000
1885	Brazil	13200000
1886	Brazil	13500000
1887	Brazil	13700000
1888	Brazil	14000000
1889	Brazil	14300000
1890	Brazil	14600000
1891	Brazil	15000000
1892	Brazil	15300000
1893	Brazil	15700000
1894	Brazil	16100000
1895	Brazil	16500000
1896	Brazil	16800000
1897	Brazil	17300000
1898	Brazil	17700000
1899	Brazil	18100000
1900	Brazil	18500000
1901	Brazil	18900000
1902	Brazil	19300000
1903	Brazil	19700000
1904	Brazil	20100000
1905	Brazil	20500000
1906	Brazil	21000000
1907	Brazil	21400000
1908	Brazil	21900000
1909	Brazil	22400000
1910	Brazil	22800000
1911	Brazil	23300000
1912	Brazil	23800000
1913	Brazil	24300000
1914	Brazil	24900000
1915	Brazil	25400000
1916	Brazil	25900000
1917	Brazil	26500000
1918	Brazil	27000000
1919	Brazil	27600000
1920	Brazil	28200000
1921	Brazil	28800000
1922	Brazil	29300000
1923	Brazil	29900000
1924	Brazil	30600000
1925	Brazil	31200000
1926	Brazil	31800000
1927	Brazil	32500000
1928	Brazil	33100000
1929	Brazil	33800000
1930	Brazil	34500000
1931	Brazil	35200000
1932	Brazil	35900000
1933	Brazil	36700000
1934	Brazil	37400000
1935	Brazil	38200000
1936	Brazil	39000000
1937	Brazil	39800000
1938	Brazil	40600000
1939	Brazil	41600000
1940	Brazil	42600000
1941	Brazil	43700000
1942	Brazil	44800000
1943	Brazil	46000000
1944	Brazil	47200000
1945	Brazil	48500000
1946	Brazil	49800000
1947	Brazil	51100000
1948	Brazil	52500000
1949	Brazil	54000000
1950	Brazil	55600000
1951	Brazil	57300000
1952	Brazil	59000000
1953	Brazil	60700000
1954	Brazil	62500000
1955	Brazil	64400000
1956	Brazil	66200000
1957	Brazil	68100000
1958	Brazil	70100000
1959	Brazil	72200000
1960	Brazil	74300000
1961	Brazil	76500000
1962	Brazil	78800000
1963	Brazil	81100000
1964	Brazil	83400000
1965	Brazil	85700000
1966	Brazil	88000000
1967	Brazil	90400000
1968	Brazil	92700000
1969	Brazil	95100000
1970	Brazil	97500000
1971	Brazil	99900000
1972	Brazil	102000000
1973	Brazil	105000000
1974	Brazil	107000000
1975	Brazil	110000000
1976	Brazil	112000000
1977	Brazil	115000000
1978	Brazil	118000000
1979	Brazil	121000000
1980	Brazil	124000000
1981	Brazil	126000000
1982	Brazil	129000000
1983	Brazil	132000000
1984	Brazil	135000000
1985	Brazil	138000000
1986	Brazil	141000000
1987	Brazil	144000000
1988	Brazil	146000000
1989	Brazil	149000000
1990	Brazil	152000000
1991	Brazil	154000000
1992	Brazil	157000000
1993	Brazil	159000000
1994	Brazil	162000000
1995	Brazil	165000000
1996	Brazil	167000000
1997	Brazil	170000000
1998	Brazil	172000000
1999	Brazil	175000000
2000	Brazil	177000000
2001	Brazil	180000000
2002	Brazil	182000000
2003	Brazil	184000000
2004	Brazil	186000000
2005	Brazil	188000000
2006	Brazil	190000000
2007	Brazil	192000000
2008	Brazil	194000000
2009	Brazil	196000000
2010	Brazil	198000000
2011	Brazil	199000000
2012	Brazil	201000000
2013	Brazil	203000000
2014	Brazil	204000000
2015	Brazil	206000000
2016	Brazil	208000000
2017	Brazil	209000000
2018	Brazil	211000000
2019	Brazil	213000000
1799	China	330000000
1800	China	332000000
1801	China	333000000
1802	China	335000000
1803	China	336000000
1804	China	338000000
1805	China	339000000
1806	China	341000000
1807	China	343000000
1808	China	344000000
1809	China	347000000
1810	China	349000000
1811	China	353000000
1812	China	356000000
1813	China	359000000
1814	China	363000000
1815	China	367000000
1816	China	370000000
1817	China	374000000
1818	China	377000000
1819	China	380000000
1820	China	384000000
1821	China	386000000
1822	China	389000000
1823	China	392000000
1824	China	395000000
1825	China	398000000
1826	China	400000000
1827	China	403000000
1828	China	406000000
1829	China	407000000
1830	China	409000000
1831	China	410000000
1832	China	410000000
1833	China	410000000
1834	China	410000000
1835	China	411000000
1836	China	411000000
1837	China	411000000
1838	China	412000000
1839	China	412000000
1840	China	412000000
1841	China	412000000
1842	China	412000000
1843	China	412000000
1844	China	412000000
1845	China	412000000
1846	China	412000000
1847	China	412000000
1848	China	411000000
1849	China	410000000
1850	China	408000000
1851	China	405000000
1852	China	401000000
1853	China	398000000
1854	China	394000000
1855	China	391000000
1856	China	387000000
1857	China	384000000
1858	China	381000000
1859	China	378000000
1860	China	376000000
1861	China	373000000
1862	China	372000000
1863	China	370000000
1864	China	368000000
1865	China	366000000
1866	China	364000000
1867	China	362000000
1868	China	361000000
1869	China	360000000
1870	China	360000000
1871	China	361000000
1872	China	362000000
1873	China	363000000
1874	China	364000000
1875	China	365000000
1876	China	366000000
1877	China	367000000
1878	China	368000000
1879	China	369000000
1880	China	370000000
1881	China	371000000
1882	China	372000000
1883	China	374000000
1884	China	375000000
1885	China	376000000
1886	China	377000000
1887	China	379000000
1888	China	380000000
1889	China	382000000
1890	China	383000000
1891	China	385000000
1892	China	387000000
1893	China	389000000
1894	China	391000000
1895	China	393000000
1896	China	395000000
1897	China	397000000
1898	China	399000000
1899	China	402000000
1900	China	404000000
1901	China	406000000
1902	China	408000000
1903	China	411000000
1904	China	413000000
1905	China	415000000
1906	China	418000000
1907	China	420000000
1908	China	423000000
1909	China	426000000
1910	China	430000000
1911	China	434000000
1912	China	439000000
1913	China	444000000
1914	China	449000000
1915	China	454000000
1916	China	459000000
1917	China	464000000
1918	China	468000000
1919	China	472000000
1920	China	475000000
1921	China	478000000
1922	China	479000000
1923	China	481000000
1924	China	483000000
1925	China	484000000
1926	China	486000000
1927	China	488000000
1928	China	490000000
1929	China	492000000
1930	China	495000000
1931	China	497000000
1932	China	500000000
1933	China	503000000
1934	China	506000000
1935	China	509000000
1936	China	512000000
1937	China	515000000
1938	China	518000000
1939	China	521000000
1940	China	524000000
1941	China	527000000
1942	China	530000000
1943	China	532000000
1944	China	535000000
1945	China	538000000
1946	China	541000000
1947	China	544000000
1948	China	548000000
1949	China	554000000
1950	China	570000000
1951	China	583000000
1952	China	593000000
1953	China	603000000
1954	China	612000000
1955	China	621000000
1956	China	631000000
1957	China	640000000
1958	China	650000000
1959	China	660000000
1960	China	671000000
1961	China	682000000
1962	China	694000000
1963	China	708000000
1964	China	724000000
1965	China	742000000
1966	China	763000000
1967	China	784000000
1968	China	806000000
1969	China	828000000
1970	China	849000000
1971	China	869000000
1972	China	889000000
1973	China	908000000
1974	China	926000000
1975	China	943000000
1976	China	958000000
1977	China	972000000
1978	China	986000000
1979	China	1000000000
1980	China	1010000000
1981	China	1030000000
1982	China	1040000000
1983	China	1060000000
1984	China	1080000000
1985	China	1100000000
1986	China	1120000000
1987	China	1140000000
1988	China	1160000000
1989	China	1180000000
1990	China	1190000000
1991	China	1210000000
1992	China	1220000000
1993	China	1230000000
1994	China	1240000000
1995	China	1250000000
1996	China	1260000000
1997	China	1270000000
1998	China	1280000000
1999	China	1290000000
2000	China	1300000000
2001	China	1310000000
2002	China	1320000000
2003	China	1320000000
2004	China	1330000000
2005	China	1340000000
2006	China	1350000000
2007	China	1350000000
2008	China	1360000000
2009	China	1370000000
2010	China	1380000000
2011	China	1380000000
2012	China	1390000000
2013	China	1400000000
2014	China	1410000000
2015	China	1410000000
2016	China	1420000000
2017	China	1430000000
2018	China	1430000000
2019	China	1440000000
1799	"Congo, Dem. Rep."	5160000
1800	"Congo, Dem. Rep."	5160000
1801	"Congo, Dem. Rep."	5160000
1802	"Congo, Dem. Rep."	5160000
1803	"Congo, Dem. Rep."	5160000
1804	"Congo, Dem. Rep."	5160000
1805	"Congo, Dem. Rep."	5160000
1806	"Congo, Dem. Rep."	5160000
1807	"Congo, Dem. Rep."	5160000
1808	"Congo, Dem. Rep."	5160000
1809	"Congo, Dem. Rep."	5160000
1810	"Congo, Dem. Rep."	5160000
1811	"Congo, Dem. Rep."	5160000
1812	"Congo, Dem. Rep."	5160000
1813	"Congo, Dem. Rep."	5160000
1814	"Congo, Dem. Rep."	5160000
1815	"Congo, Dem. Rep."	5160000
1816	"Congo, Dem. Rep."	5160000
1817	"Congo, Dem. Rep."	5160000
1818	"Congo, Dem. Rep."	5180000
1819	"Congo, Dem. Rep."	5210000
1820	"Congo, Dem. Rep."	5260000
1821	"Congo, Dem. Rep."	5330000
1822	"Congo, Dem. Rep."	5410000
1823	"Congo, Dem. Rep."	5500000
1824	"Congo, Dem. Rep."	5580000
1825	"Congo, Dem. Rep."	5670000
1826	"Congo, Dem. Rep."	5760000
1827	"Congo, Dem. Rep."	5850000
1828	"Congo, Dem. Rep."	5940000
1829	"Congo, Dem. Rep."	6030000
1830	"Congo, Dem. Rep."	6130000
1831	"Congo, Dem. Rep."	6220000
1832	"Congo, Dem. Rep."	6320000
1833	"Congo, Dem. Rep."	6420000
1834	"Congo, Dem. Rep."	6520000
1835	"Congo, Dem. Rep."	6620000
1836	"Congo, Dem. Rep."	6720000
1837	"Congo, Dem. Rep."	6830000
1838	"Congo, Dem. Rep."	6930000
1839	"Congo, Dem. Rep."	7040000
1840	"Congo, Dem. Rep."	7150000
1841	"Congo, Dem. Rep."	7260000
1842	"Congo, Dem. Rep."	7380000
1843	"Congo, Dem. Rep."	7490000
1844	"Congo, Dem. Rep."	7610000
1845	"Congo, Dem. Rep."	7730000
1846	"Congo, Dem. Rep."	7850000
1847	"Congo, Dem. Rep."	7970000
1848	"Congo, Dem. Rep."	8070000
1849	"Congo, Dem. Rep."	8150000
1850	"Congo, Dem. Rep."	8200000
1851	"Congo, Dem. Rep."	8230000
1852	"Congo, Dem. Rep."	8230000
1853	"Congo, Dem. Rep."	8240000
1854	"Congo, Dem. Rep."	8240000
1855	"Congo, Dem. Rep."	8250000
1856	"Congo, Dem. Rep."	8250000
1857	"Congo, Dem. Rep."	8260000
1858	"Congo, Dem. Rep."	8270000
1859	"Congo, Dem. Rep."	8290000
1860	"Congo, Dem. Rep."	8330000
1861	"Congo, Dem. Rep."	8370000
1862	"Congo, Dem. Rep."	8420000
1863	"Congo, Dem. Rep."	8470000
1864	"Congo, Dem. Rep."	8530000
1865	"Congo, Dem. Rep."	8580000
1866	"Congo, Dem. Rep."	8630000
1867	"Congo, Dem. Rep."	8690000
1868	"Congo, Dem. Rep."	8750000
1869	"Congo, Dem. Rep."	8800000
1870	"Congo, Dem. Rep."	8870000
1871	"Congo, Dem. Rep."	8930000
1872	"Congo, Dem. Rep."	9000000
1873	"Congo, Dem. Rep."	9070000
1874	"Congo, Dem. Rep."	9140000
1875	"Congo, Dem. Rep."	9210000
1876	"Congo, Dem. Rep."	9270000
1877	"Congo, Dem. Rep."	9350000
1878	"Congo, Dem. Rep."	9410000
1879	"Congo, Dem. Rep."	9470000
1880	"Congo, Dem. Rep."	9520000
1881	"Congo, Dem. Rep."	9570000
1882	"Congo, Dem. Rep."	9610000
1883	"Congo, Dem. Rep."	9660000
1884	"Congo, Dem. Rep."	9700000
1885	"Congo, Dem. Rep."	9740000
1886	"Congo, Dem. Rep."	9790000
1887	"Congo, Dem. Rep."	9830000
1888	"Congo, Dem. Rep."	9860000
1889	"Congo, Dem. Rep."	9860000
1890	"Congo, Dem. Rep."	9850000
1891	"Congo, Dem. Rep."	9820000
1892	"Congo, Dem. Rep."	9770000
1893	"Congo, Dem. Rep."	9710000
1894	"Congo, Dem. Rep."	9660000
1895	"Congo, Dem. Rep."	9610000
1896	"Congo, Dem. Rep."	9560000
1897	"Congo, Dem. Rep."	9510000
1898	"Congo, Dem. Rep."	9450000
1899	"Congo, Dem. Rep."	9390000
1900	"Congo, Dem. Rep."	9310000
1901	"Congo, Dem. Rep."	9230000
1902	"Congo, Dem. Rep."	9130000
1903	"Congo, Dem. Rep."	9040000
1904	"Congo, Dem. Rep."	8950000
1905	"Congo, Dem. Rep."	8860000
1906	"Congo, Dem. Rep."	8770000
1907	"Congo, Dem. Rep."	8680000
1908	"Congo, Dem. Rep."	8600000
1909	"Congo, Dem. Rep."	8530000
1910	"Congo, Dem. Rep."	8460000
1911	"Congo, Dem. Rep."	8410000
1912	"Congo, Dem. Rep."	8360000
1913	"Congo, Dem. Rep."	8310000
1914	"Congo, Dem. Rep."	8260000
1915	"Congo, Dem. Rep."	8210000
1916	"Congo, Dem. Rep."	8160000
1917	"Congo, Dem. Rep."	8110000
1918	"Congo, Dem. Rep."	8090000
1919	"Congo, Dem. Rep."	8110000
1920	"Congo, Dem. Rep."	8150000
1921	"Congo, Dem. Rep."	8230000
1922	"Congo, Dem. Rep."	8340000
1923	"Congo, Dem. Rep."	8450000
1924	"Congo, Dem. Rep."	8560000
1925	"Congo, Dem. Rep."	8670000
1926	"Congo, Dem. Rep."	8790000
1927	"Congo, Dem. Rep."	8900000
1928	"Congo, Dem. Rep."	9020000
1929	"Congo, Dem. Rep."	9140000
1930	"Congo, Dem. Rep."	9250000
1931	"Congo, Dem. Rep."	9370000
1932	"Congo, Dem. Rep."	9480000
1933	"Congo, Dem. Rep."	9600000
1934	"Congo, Dem. Rep."	9710000
1935	"Congo, Dem. Rep."	9830000
1936	"Congo, Dem. Rep."	9950000
1937	"Congo, Dem. Rep."	10100000
1938	"Congo, Dem. Rep."	10200000
1939	"Congo, Dem. Rep."	10300000
1940	"Congo, Dem. Rep."	10500000
1941	"Congo, Dem. Rep."	10700000
1942	"Congo, Dem. Rep."	10800000
1943	"Congo, Dem. Rep."	11000000
1944	"Congo, Dem. Rep."	11200000
1945	"Congo, Dem. Rep."	11400000
1946	"Congo, Dem. Rep."	11600000
1947	"Congo, Dem. Rep."	11700000
1948	"Congo, Dem. Rep."	12000000
1949	"Congo, Dem. Rep."	12200000
1950	"Congo, Dem. Rep."	12400000
1951	"Congo, Dem. Rep."	12700000
1952	"Congo, Dem. Rep."	12900000
1953	"Congo, Dem. Rep."	13200000
1954	"Congo, Dem. Rep."	13500000
1955	"Congo, Dem. Rep."	13800000
1956	"Congo, Dem. Rep."	14200000
1957	"Congo, Dem. Rep."	14500000
1958	"Congo, Dem. Rep."	14900000
1959	"Congo, Dem. Rep."	15200000
1960	"Congo, Dem. Rep."	15600000
1961	"Congo, Dem. Rep."	16000000
1962	"Congo, Dem. Rep."	16500000
1963	"Congo, Dem. Rep."	16900000
1964	"Congo, Dem. Rep."	17400000
1965	"Congo, Dem. Rep."	17900000
1966	"Congo, Dem. Rep."	18400000
1967	"Congo, Dem. Rep."	18900000
1968	"Congo, Dem. Rep."	19500000
1969	"Congo, Dem. Rep."	20000000
1970	"Congo, Dem. Rep."	20600000
1971	"Congo, Dem. Rep."	21100000
1972	"Congo, Dem. Rep."	21700000
1973	"Congo, Dem. Rep."	22300000
1974	"Congo, Dem. Rep."	22900000
1975	"Congo, Dem. Rep."	23600000
1976	"Congo, Dem. Rep."	24200000
1977	"Congo, Dem. Rep."	25000000
1978	"Congo, Dem. Rep."	25700000
1979	"Congo, Dem. Rep."	26400000
1980	"Congo, Dem. Rep."	27000000
1981	"Congo, Dem. Rep."	27700000
1982	"Congo, Dem. Rep."	28400000
1983	"Congo, Dem. Rep."	29100000
1984	"Congo, Dem. Rep."	29900000
1985	"Congo, Dem. Rep."	30700000
1986	"Congo, Dem. Rep."	31500000
1987	"Congo, Dem. Rep."	32400000
1988	"Congo, Dem. Rep."	33500000
1989	"Congo, Dem. Rep."	34600000
1990	"Congo, Dem. Rep."	35900000
1991	"Congo, Dem. Rep."	37300000
1992	"Congo, Dem. Rep."	38800000
1993	"Congo, Dem. Rep."	40300000
1994	"Congo, Dem. Rep."	41600000
1995	"Congo, Dem. Rep."	42800000
1996	"Congo, Dem. Rep."	43800000
1997	"Congo, Dem. Rep."	44800000
1998	"Congo, Dem. Rep."	45900000
1999	"Congo, Dem. Rep."	47100000
2000	"Congo, Dem. Rep."	48400000
2001	"Congo, Dem. Rep."	49900000
2002	"Congo, Dem. Rep."	51400000
2003	"Congo, Dem. Rep."	53100000
2004	"Congo, Dem. Rep."	54800000
2005	"Congo, Dem. Rep."	56600000
2006	"Congo, Dem. Rep."	58500000
2007	"Congo, Dem. Rep."	60400000
2008	"Congo, Dem. Rep."	62400000
2009	"Congo, Dem. Rep."	64600000
2010	"Congo, Dem. Rep."	66800000
2011	"Congo, Dem. Rep."	69000000
2012	"Congo, Dem. Rep."	71400000
2013	"Congo, Dem. Rep."	73800000
2014	"Congo, Dem. Rep."	76200000
2015	"Congo, Dem. Rep."	78800000
2016	"Congo, Dem. Rep."	81400000
2017	"Congo, Dem. Rep."	84100000
2018	"Congo, Dem. Rep."	86800000
2019	"Congo, Dem. Rep."	89600000
1799	Egypt	3500000
1800	Egypt	3530000
1801	Egypt	3560000
1802	Egypt	3600000
1803	Egypt	3630000
1804	Egypt	3660000
1805	Egypt	3700000
1806	Egypt	3730000
1807	Egypt	3760000
1808	Egypt	3800000
1809	Egypt	3830000
1810	Egypt	3870000
1811	Egypt	3900000
1812	Egypt	3940000
1813	Egypt	3970000
1814	Egypt	4010000
1815	Egypt	4050000
1816	Egypt	4080000
1817	Egypt	4120000
1818	Egypt	4150000
1819	Egypt	4180000
1820	Egypt	4200000
1821	Egypt	4220000
1822	Egypt	4240000
1823	Egypt	4250000
1824	Egypt	4260000
1825	Egypt	4280000
1826	Egypt	4290000
1827	Egypt	4300000
1828	Egypt	4320000
1829	Egypt	4330000
1830	Egypt	4350000
1831	Egypt	4360000
1832	Egypt	4380000
1833	Egypt	4390000
1834	Egypt	4400000
1835	Egypt	4420000
1836	Egypt	4430000
1837	Egypt	4450000
1838	Egypt	4480000
1839	Egypt	4530000
1840	Egypt	4610000
1841	Egypt	4700000
1842	Egypt	4810000
1843	Egypt	4930000
1844	Egypt	5050000
1845	Egypt	5170000
1846	Egypt	5290000
1847	Egypt	5420000
1848	Egypt	5540000
1849	Egypt	5640000
1850	Egypt	5720000
1851	Egypt	5790000
1852	Egypt	5840000
1853	Egypt	5900000
1854	Egypt	5950000
1855	Egypt	6000000
1856	Egypt	6060000
1857	Egypt	6110000
1858	Egypt	6170000
1859	Egypt	6230000
1860	Egypt	6280000
1861	Egypt	6340000
1862	Egypt	6400000
1863	Egypt	6460000
1864	Egypt	6520000
1865	Egypt	6580000
1866	Egypt	6640000
1867	Egypt	6700000
1868	Egypt	6760000
1869	Egypt	6820000
1870	Egypt	6880000
1871	Egypt	6940000
1872	Egypt	7010000
1873	Egypt	7070000
1874	Egypt	7140000
1875	Egypt	7200000
1876	Egypt	7270000
1877	Egypt	7330000
1878	Egypt	7410000
1879	Egypt	7480000
1880	Egypt	7570000
1881	Egypt	7660000
1882	Egypt	7760000
1883	Egypt	7850000
1884	Egypt	7950000
1885	Egypt	8050000
1886	Egypt	8160000
1887	Egypt	8260000
1888	Egypt	8370000
1889	Egypt	8480000
1890	Egypt	8590000
1891	Egypt	8700000
1892	Egypt	8820000
1893	Egypt	8940000
1894	Egypt	9070000
1895	Egypt	9190000
1896	Egypt	9310000
1897	Egypt	9440000
1898	Egypt	9570000
1899	Egypt	9700000
1900	Egypt	9830000
1901	Egypt	9960000
1902	Egypt	10100000
1903	Egypt	10200000
1904	Egypt	10300000
1905	Egypt	10500000
1906	Egypt	10600000
1907	Egypt	10800000
1908	Egypt	10900000
1909	Egypt	11000000
1910	Egypt	11200000
1911	Egypt	11300000
1912	Egypt	11400000
1913	Egypt	11500000
1914	Egypt	11600000
1915	Egypt	11800000
1916	Egypt	11900000
1917	Egypt	12000000
1918	Egypt	12200000
1919	Egypt	12300000
1920	Egypt	12500000
1921	Egypt	12600000
1922	Egypt	12700000
1923	Egypt	12900000
1924	Egypt	13000000
1925	Egypt	13200000
1926	Egypt	13300000
1927	Egypt	13500000
1928	Egypt	13600000
1929	Egypt	13800000
1930	Egypt	14000000
1931	Egypt	14100000
1932	Egypt	14300000
1933	Egypt	14500000
1934	Egypt	14700000
1935	Egypt	14900000
1936	Egypt	15100000
1937	Egypt	15300000
1938	Egypt	15600000
1939	Egypt	15900000
1940	Egypt	16200000
1941	Egypt	16600000
1942	Egypt	17100000
1943	Egypt	17500000
1944	Egypt	18000000
1945	Egypt	18400000
1946	Egypt	18900000
1947	Egypt	19400000
1948	Egypt	19900000
1949	Egypt	20500000
1950	Egypt	20900000
1951	Egypt	21500000
1952	Egypt	22000000
1953	Egypt	22600000
1954	Egypt	23200000
1955	Egypt	23900000
1956	Egypt	24500000
1957	Egypt	25200000
1958	Egypt	25900000
1959	Egypt	26600000
1960	Egypt	27400000
1961	Egypt	28100000
1962	Egypt	28900000
1963	Egypt	29600000
1964	Egypt	30400000
1965	Egypt	31200000
1966	Egypt	32100000
1967	Egypt	32900000
1968	Egypt	33700000
1969	Egypt	34500000
1970	Egypt	35300000
1971	Egypt	36100000
1972	Egypt	36900000
1973	Egypt	37700000
1974	Egypt	38500000
1975	Egypt	39400000
1976	Egypt	40300000
1977	Egypt	41300000
1978	Egypt	42300000
1979	Egypt	43300000
1980	Egypt	44400000
1981	Egypt	45500000
1982	Egypt	46700000
1983	Egypt	48000000
1984	Egypt	49300000
1985	Egypt	50600000
1986	Egypt	52000000
1987	Egypt	53400000
1988	Egypt	54800000
1989	Egypt	56100000
1990	Egypt	57400000
1991	Egypt	58700000
1992	Egypt	59900000
1993	Egypt	61100000
1994	Egypt	62300000
1995	Egypt	63600000
1996	Egypt	64900000
1997	Egypt	66200000
1998	Egypt	67500000
1999	Egypt	68800000
2000	Egypt	70200000
2001	Egypt	71500000
2002	Egypt	72800000
2003	Egypt	74200000
2004	Egypt	75500000
2005	Egypt	76900000
2006	Egypt	78200000
2007	Egypt	79600000
2008	Egypt	81100000
2009	Egypt	82800000
2010	Egypt	84500000
2011	Egypt	86400000
2012	Egypt	88400000
2013	Egypt	90400000
2014	Egypt	92400000
2015	Egypt	94400000
2016	Egypt	96400000
2017	Egypt	98400000
2018	Egypt	100000000
2019	Egypt	102000000
1799	Ethiopia	12000000
1800	Ethiopia	12000000
1801	Ethiopia	12000000
1802	Ethiopia	12000000
1803	Ethiopia	12000000
1804	Ethiopia	12000000
1805	Ethiopia	12000000
1806	Ethiopia	12000000
1807	Ethiopia	12000000
1808	Ethiopia	12000000
1809	Ethiopia	12000000
1810	Ethiopia	12000000
1811	Ethiopia	12100000
1812	Ethiopia	12100000
1813	Ethiopia	12100000
1814	Ethiopia	12200000
1815	Ethiopia	12200000
1816	Ethiopia	12300000
1817	Ethiopia	12300000
1818	Ethiopia	12400000
1819	Ethiopia	12500000
1820	Ethiopia	12600000
1821	Ethiopia	12700000
1822	Ethiopia	12800000
1823	Ethiopia	12900000
1824	Ethiopia	13100000
1825	Ethiopia	13200000
1826	Ethiopia	13400000
1827	Ethiopia	13500000
1828	Ethiopia	13700000
1829	Ethiopia	13900000
1830	Ethiopia	14100000
1831	Ethiopia	14300000
1832	Ethiopia	14500000
1833	Ethiopia	14700000
1834	Ethiopia	14900000
1835	Ethiopia	15100000
1836	Ethiopia	15300000
1837	Ethiopia	15600000
1838	Ethiopia	15800000
1839	Ethiopia	16000000
1840	Ethiopia	16200000
1841	Ethiopia	16500000
1842	Ethiopia	16700000
1843	Ethiopia	16900000
1844	Ethiopia	17200000
1845	Ethiopia	17400000
1846	Ethiopia	17700000
1847	Ethiopia	17900000
1848	Ethiopia	18200000
1849	Ethiopia	18400000
1850	Ethiopia	18400000
1851	Ethiopia	18400000
1852	Ethiopia	18400000
1853	Ethiopia	18400000
1854	Ethiopia	18400000
1855	Ethiopia	18400000
1856	Ethiopia	18400000
1857	Ethiopia	18400000
1858	Ethiopia	18400000
1859	Ethiopia	18400000
1860	Ethiopia	18300000
1861	Ethiopia	18300000
1862	Ethiopia	18300000
1863	Ethiopia	18300000
1864	Ethiopia	18300000
1865	Ethiopia	18300000
1866	Ethiopia	18300000
1867	Ethiopia	18300000
1868	Ethiopia	18300000
1869	Ethiopia	18300000
1870	Ethiopia	18300000
1871	Ethiopia	18300000
1872	Ethiopia	18200000
1873	Ethiopia	18200000
1874	Ethiopia	18200000
1875	Ethiopia	18200000
1876	Ethiopia	18200000
1877	Ethiopia	18200000
1878	Ethiopia	18200000
1879	Ethiopia	18200000
1880	Ethiopia	18200000
1881	Ethiopia	18200000
1882	Ethiopia	18200000
1883	Ethiopia	18200000
1884	Ethiopia	18100000
1885	Ethiopia	18100000
1886	Ethiopia	18100000
1887	Ethiopia	18100000
1888	Ethiopia	18100000
1889	Ethiopia	18100000
1890	Ethiopia	18100000
1891	Ethiopia	18100000
1892	Ethiopia	18100000
1893	Ethiopia	18100000
1894	Ethiopia	18100000
1895	Ethiopia	18100000
1896	Ethiopia	18100000
1897	Ethiopia	18000000
1898	Ethiopia	18000000
1899	Ethiopia	18000000
1900	Ethiopia	18000000
1901	Ethiopia	18000000
1902	Ethiopia	18000000
1903	Ethiopia	18000000
1904	Ethiopia	18000000
1905	Ethiopia	18000000
1906	Ethiopia	18000000
1907	Ethiopia	18000000
1908	Ethiopia	18000000
1909	Ethiopia	17900000
1910	Ethiopia	17900000
1911	Ethiopia	17900000
1912	Ethiopia	17900000
1913	Ethiopia	17900000
1914	Ethiopia	17900000
1915	Ethiopia	17900000
1916	Ethiopia	17900000
1917	Ethiopia	17900000
1918	Ethiopia	17900000
1919	Ethiopia	17900000
1920	Ethiopia	17900000
1921	Ethiopia	17900000
1922	Ethiopia	17900000
1923	Ethiopia	17900000
1924	Ethiopia	17900000
1925	Ethiopia	17900000
1926	Ethiopia	17900000
1927	Ethiopia	17900000
1928	Ethiopia	17900000
1929	Ethiopia	17900000
1930	Ethiopia	17900000
1931	Ethiopia	17900000
1932	Ethiopia	17900000
1933	Ethiopia	17900000
1934	Ethiopia	17900000
1935	Ethiopia	17900000
1936	Ethiopia	17900000
1937	Ethiopia	17900000
1938	Ethiopia	17900000
1939	Ethiopia	17900000
1940	Ethiopia	17900000
1941	Ethiopia	17900000
1942	Ethiopia	17900000
1943	Ethiopia	17900000
1944	Ethiopia	17900000
1945	Ethiopia	17900000
1946	Ethiopia	17900000
1947	Ethiopia	17900000
1948	Ethiopia	18000000
1949	Ethiopia	18100000
1950	Ethiopia	18500000
1951	Ethiopia	18800000
1952	Ethiopia	19200000
1953	Ethiopia	19600000
1954	Ethiopia	19900000
1955	Ethiopia	20300000
1956	Ethiopia	20800000
1957	Ethiopia	21200000
1958	Ethiopia	21700000
1959	Ethiopia	22200000
1960	Ethiopia	22700000
1961	Ethiopia	23200000
1962	Ethiopia	23800000
1963	Ethiopia	24400000
1964	Ethiopia	25000000
1965	Ethiopia	25600000
1966	Ethiopia	26300000
1967	Ethiopia	26900000
1968	Ethiopia	27700000
1969	Ethiopia	28400000
1970	Ethiopia	29200000
1971	Ethiopia	30100000
1972	Ethiopia	31000000
1973	Ethiopia	31900000
1974	Ethiopia	32600000
1975	Ethiopia	33100000
1976	Ethiopia	33600000
1977	Ethiopia	34000000
1978	Ethiopia	34500000
1979	Ethiopia	35100000
1980	Ethiopia	36000000
1981	Ethiopia	37000000
1982	Ethiopia	38100000
1983	Ethiopia	39400000
1984	Ethiopia	40700000
1985	Ethiopia	42000000
1986	Ethiopia	43300000
1987	Ethiopia	44800000
1988	Ethiopia	46300000
1989	Ethiopia	47900000
1990	Ethiopia	49600000
1991	Ethiopia	51400000
1992	Ethiopia	53300000
1993	Ethiopia	55200000
1994	Ethiopia	57000000
1995	Ethiopia	58900000
1996	Ethiopia	60700000
1997	Ethiopia	62500000
1998	Ethiopia	64300000
1999	Ethiopia	66200000
2000	Ethiopia	68200000
2001	Ethiopia	70100000
2002	Ethiopia	72200000
2003	Ethiopia	74200000
2004	Ethiopia	76300000
2005	Ethiopia	78500000
2006	Ethiopia	80700000
2007	Ethiopia	82900000
2008	Ethiopia	85200000
2009	Ethiopia	87600000
2010	Ethiopia	90100000
2011	Ethiopia	92700000
2012	Ethiopia	95400000
2013	Ethiopia	98100000
2014	Ethiopia	101000000
2015	Ethiopia	104000000
2016	Ethiopia	106000000
2017	Ethiopia	109000000
2018	Ethiopia	112000000
2019	Ethiopia	115000000
1799	Indonesia	16100000
1800	Indonesia	16200000
1801	Indonesia	16200000
1802	Indonesia	16200000
1803	Indonesia	16300000
1804	Indonesia	16300000
1805	Indonesia	16400000
1806	Indonesia	16400000
1807	Indonesia	16400000
1808	Indonesia	16500000
1809	Indonesia	16500000
1810	Indonesia	16600000
1811	Indonesia	16600000
1812	Indonesia	16700000
1813	Indonesia	16800000
1814	Indonesia	16800000
1815	Indonesia	16900000
1816	Indonesia	17000000
1817	Indonesia	17100000
1818	Indonesia	17100000
1819	Indonesia	17200000
1820	Indonesia	17300000
1821	Indonesia	17400000
1822	Indonesia	17500000
1823	Indonesia	17700000
1824	Indonesia	17800000
1825	Indonesia	17900000
1826	Indonesia	18000000
1827	Indonesia	18200000
1828	Indonesia	18300000
1829	Indonesia	18500000
1830	Indonesia	18600000
1831	Indonesia	18800000
1832	Indonesia	18900000
1833	Indonesia	19100000
1834	Indonesia	19200000
1835	Indonesia	19400000
1836	Indonesia	19600000
1837	Indonesia	19700000
1838	Indonesia	19900000
1839	Indonesia	20100000
1840	Indonesia	20200000
1841	Indonesia	20400000
1842	Indonesia	20600000
1843	Indonesia	20800000
1844	Indonesia	21000000
1845	Indonesia	21100000
1846	Indonesia	21300000
1847	Indonesia	21600000
1848	Indonesia	21800000
1849	Indonesia	22000000
1850	Indonesia	22200000
1851	Indonesia	22400000
1852	Indonesia	22600000
1853	Indonesia	22800000
1854	Indonesia	23000000
1855	Indonesia	23300000
1856	Indonesia	23500000
1857	Indonesia	23700000
1858	Indonesia	24000000
1859	Indonesia	24200000
1860	Indonesia	24500000
1861	Indonesia	24800000
1862	Indonesia	25000000
1863	Indonesia	25300000
1864	Indonesia	25600000
1865	Indonesia	25900000
1866	Indonesia	26200000
1867	Indonesia	26500000
1868	Indonesia	26800000
1869	Indonesia	27100000
1870	Indonesia	27400000
1871	Indonesia	27700000
1872	Indonesia	28000000
1873	Indonesia	28300000
1874	Indonesia	28600000
1875	Indonesia	29000000
1876	Indonesia	29300000
1877	Indonesia	29500000
1878	Indonesia	29800000
1879	Indonesia	30100000
1880	Indonesia	30400000
1881	Indonesia	30700000
1882	Indonesia	31100000
1883	Indonesia	31400000
1884	Indonesia	31900000
1885	Indonesia	32200000
1886	Indonesia	32600000
1887	Indonesia	33000000
1888	Indonesia	33400000
1889	Indonesia	33800000
1890	Indonesia	34100000
1891	Indonesia	34500000
1892	Indonesia	34900000
1893	Indonesia	35400000
1894	Indonesia	35800000
1895	Indonesia	36300000
1896	Indonesia	36700000
1897	Indonesia	37200000
1898	Indonesia	37700000
1899	Indonesia	38200000
1900	Indonesia	38700000
1901	Indonesia	39200000
1902	Indonesia	39600000
1903	Indonesia	40100000
1904	Indonesia	40600000
1905	Indonesia	41000000
1906	Indonesia	41500000
1907	Indonesia	41900000
1908	Indonesia	42400000
1909	Indonesia	42800000
1910	Indonesia	43200000
1911	Indonesia	43700000
1912	Indonesia	44200000
1913	Indonesia	44600000
1914	Indonesia	45100000
1915	Indonesia	45500000
1916	Indonesia	45800000
1917	Indonesia	46200000
1918	Indonesia	46700000
1919	Indonesia	47300000
1920	Indonesia	47900000
1921	Indonesia	48400000
1922	Indonesia	49000000
1923	Indonesia	49600000
1924	Indonesia	50200000
1925	Indonesia	50800000
1926	Indonesia	51400000
1927	Indonesia	52100000
1928	Indonesia	52700000
1929	Indonesia	53400000
1930	Indonesia	54100000
1931	Indonesia	54900000
1932	Indonesia	55800000
1933	Indonesia	56600000
1934	Indonesia	57400000
1935	Indonesia	58300000
1936	Indonesia	59100000
1937	Indonesia	60000000
1938	Indonesia	60900000
1939	Indonesia	61800000
1940	Indonesia	62800000
1941	Indonesia	63700000
1942	Indonesia	64400000
1943	Indonesia	64600000
1944	Indonesia	64900000
1945	Indonesia	65300000
1946	Indonesia	66200000
1947	Indonesia	67200000
1948	Indonesia	68400000
1949	Indonesia	69500000
1950	Indonesia	70800000
1951	Indonesia	72300000
1952	Indonesia	73800000
1953	Indonesia	75500000
1954	Indonesia	77300000
1955	Indonesia	79200000
1956	Indonesia	81200000
1957	Indonesia	83300000
1958	Indonesia	85500000
1959	Indonesia	87800000
1960	Indonesia	90100000
1961	Indonesia	92500000
1962	Indonesia	95000000
1963	Indonesia	97600000
1964	Indonesia	100000000
1965	Indonesia	103000000
1966	Indonesia	106000000
1967	Indonesia	109000000
1968	Indonesia	112000000
1969	Indonesia	115000000
1970	Indonesia	118000000
1971	Indonesia	121000000
1972	Indonesia	124000000
1973	Indonesia	127000000
1974	Indonesia	131000000
1975	Indonesia	134000000
1976	Indonesia	137000000
1977	Indonesia	141000000
1978	Indonesia	144000000
1979	Indonesia	147000000
1980	Indonesia	151000000
1981	Indonesia	154000000
1982	Indonesia	158000000
1983	Indonesia	162000000
1984	Indonesia	165000000
1985	Indonesia	168000000
1986	Indonesia	172000000
1987	Indonesia	175000000
1988	Indonesia	178000000
1989	Indonesia	181000000
1990	Indonesia	185000000
1991	Indonesia	188000000
1992	Indonesia	191000000
1993	Indonesia	194000000
1994	Indonesia	197000000
1995	Indonesia	200000000
1996	Indonesia	203000000
1997	Indonesia	206000000
1998	Indonesia	209000000
1999	Indonesia	212000000
2000	Indonesia	214000000
2001	Indonesia	217000000
2002	Indonesia	220000000
2003	Indonesia	223000000
2004	Indonesia	226000000
2005	Indonesia	229000000
2006	Indonesia	232000000
2007	Indonesia	235000000
2008	Indonesia	239000000
2009	Indonesia	242000000
2010	Indonesia	245000000
2011	Indonesia	248000000
2012	Indonesia	252000000
2013	Indonesia	255000000
2014	Indonesia	258000000
2015	Indonesia	262000000
2016	Indonesia	265000000
2017	Indonesia	268000000
2018	Indonesia	271000000
2019	Indonesia	274000000
1799	India	201000000
1800	India	201000000
1801	India	202000000
1802	India	202000000
1803	India	202000000
1804	India	203000000
1805	India	203000000
1806	India	204000000
1807	India	204000000
1808	India	204000000
1809	India	205000000
1810	India	205000000
1811	India	206000000
1812	India	206000000
1813	India	207000000
1814	India	207000000
1815	India	208000000
1816	India	208000000
1817	India	209000000
1818	India	209000000
1819	India	210000000
1820	India	210000000
1821	India	211000000
1822	India	212000000
1823	India	212000000
1824	India	213000000
1825	India	214000000
1826	India	215000000
1827	India	216000000
1828	India	217000000
1829	India	218000000
1830	India	218000000
1831	India	219000000
1832	India	220000000
1833	India	221000000
1834	India	222000000
1835	India	223000000
1836	India	224000000
1837	India	225000000
1838	India	226000000
1839	India	227000000
1840	India	227000000
1841	India	228000000
1842	India	229000000
1843	India	230000000
1844	India	231000000
1845	India	232000000
1846	India	233000000
1847	India	234000000
1848	India	235000000
1849	India	236000000
1850	India	237000000
1851	India	238000000
1852	India	239000000
1853	India	240000000
1854	India	241000000
1855	India	242000000
1856	India	242000000
1857	India	243000000
1858	India	244000000
1859	India	245000000
1860	India	246000000
1861	India	247000000
1862	India	248000000
1863	India	249000000
1864	India	250000000
1865	India	251000000
1866	India	252000000
1867	India	253000000
1868	India	254000000
1869	India	255000000
1870	India	256000000
1871	India	256000000
1872	India	257000000
1873	India	258000000
1874	India	258000000
1875	India	259000000
1876	India	259000000
1877	India	260000000
1878	India	261000000
1879	India	262000000
1880	India	264000000
1881	India	266000000
1882	India	268000000
1883	India	270000000
1884	India	273000000
1885	India	275000000
1886	India	277000000
1887	India	280000000
1888	India	282000000
1889	India	284000000
1890	India	285000000
1891	India	286000000
1892	India	287000000
1893	India	287000000
1894	India	288000000
1895	India	289000000
1896	India	289000000
1897	India	290000000
1898	India	291000000
1899	India	292000000
1900	India	293000000
1901	India	295000000
1902	India	297000000
1903	India	299000000
1904	India	301000000
1905	India	303000000
1906	India	305000000
1907	India	307000000
1908	India	308000000
1909	India	310000000
1910	India	311000000
1911	India	312000000
1912	India	312000000
1913	India	313000000
1914	India	313000000
1915	India	314000000
1916	India	314000000
1917	India	315000000
1918	India	315000000
1919	India	317000000
1920	India	319000000
1921	India	321000000
1922	India	325000000
1923	India	328000000
1924	India	331000000
1925	India	334000000
1926	India	337000000
1927	India	340000000
1928	India	344000000
1929	India	348000000
1930	India	352000000
1931	India	357000000
1932	India	362000000
1933	India	367000000
1934	India	372000000
1935	India	377000000
1936	India	383000000
1937	India	388000000
1938	India	392000000
1939	India	394000000
1940	India	394000000
1941	India	393000000
1942	India	390000000
1943	India	387000000
1944	India	384000000
1945	India	382000000
1946	India	379000000
1947	India	376000000
1948	India	375000000
1949	India	376000000
1950	India	382000000
1951	India	389000000
1952	India	396000000
1953	India	403000000
1954	India	410000000
1955	India	417000000
1956	India	425000000
1957	India	433000000
1958	India	442000000
1959	India	451000000
1960	India	460000000
1961	India	469000000
1962	India	479000000
1963	India	489000000
1964	India	499000000
1965	India	510000000
1966	India	520000000
1967	India	532000000
1968	India	543000000
1969	India	555000000
1970	India	568000000
1971	India	581000000
1972	India	595000000
1973	India	609000000
1974	India	623000000
1975	India	638000000
1976	India	652000000
1977	India	667000000
1978	India	683000000
1979	India	699000000
1980	India	715000000
1981	India	732000000
1982	India	749000000
1983	India	767000000
1984	India	784000000
1985	India	802000000
1986	India	820000000
1987	India	837000000
1988	India	855000000
1989	India	873000000
1990	India	891000000
1991	India	909000000
1992	India	927000000
1993	India	946000000
1994	India	964000000
1995	India	982000000
1996	India	1000000000
1997	India	1020000000
1998	India	1040000000
1999	India	1060000000
2000	India	1080000000
2001	India	1090000000
2002	India	1110000000
2003	India	1130000000
2004	India	1150000000
2005	India	1170000000
2006	India	1180000000
2007	India	1200000000
2008	India	1220000000
2009	India	1230000000
2010	India	1250000000
2011	India	1270000000
2012	India	1280000000
2013	India	1300000000
2014	India	1310000000
2015	India	1320000000
2016	India	1340000000
2017	India	1350000000
2018	India	1370000000
2019	India	1380000000
1799	Japan	28000000
1800	Japan	28100000
1801	Japan	28300000
1802	Japan	28400000
1803	Japan	28600000
1804	Japan	28700000
1805	Japan	28900000
1806	Japan	29000000
1807	Japan	29200000
1808	Japan	29300000
1809	Japan	29500000
1810	Japan	29600000
1811	Japan	29800000
1812	Japan	29900000
1813	Japan	30100000
1814	Japan	30200000
1815	Japan	30400000
1816	Japan	30500000
1817	Japan	30700000
1818	Japan	30800000
1819	Japan	30900000
1820	Japan	31000000
1821	Japan	31100000
1822	Japan	31100000
1823	Japan	31100000
1824	Japan	31200000
1825	Japan	31200000
1826	Japan	31200000
1827	Japan	31300000
1828	Japan	31300000
1829	Japan	31300000
1830	Japan	31400000
1831	Japan	31400000
1832	Japan	31400000
1833	Japan	31500000
1834	Japan	31500000
1835	Japan	31500000
1836	Japan	31600000
1837	Japan	31600000
1838	Japan	31600000
1839	Japan	31700000
1840	Japan	31700000
1841	Japan	31700000
1842	Japan	31800000
1843	Japan	31800000
1844	Japan	31800000
1845	Japan	31900000
1846	Japan	31900000
1847	Japan	31900000
1848	Japan	32000000
1849	Japan	32100000
1850	Japan	32100000
1851	Japan	32200000
1852	Japan	32300000
1853	Japan	32500000
1854	Japan	32600000
1855	Japan	32700000
1856	Japan	32800000
1857	Japan	32900000
1858	Japan	33000000
1859	Japan	33100000
1860	Japan	33300000
1861	Japan	33400000
1862	Japan	33500000
1863	Japan	33600000
1864	Japan	33700000
1865	Japan	33800000
1866	Japan	34000000
1867	Japan	34100000
1868	Japan	34200000
1869	Japan	34400000
1870	Japan	34600000
1871	Japan	34800000
1872	Japan	35000000
1873	Japan	35200000
1874	Japan	35500000
1875	Japan	35700000
1876	Japan	35900000
1877	Japan	36200000
1878	Japan	36400000
1879	Japan	36700000
1880	Japan	37000000
1881	Japan	37200000
1882	Japan	37600000
1883	Japan	37900000
1884	Japan	38200000
1885	Japan	38500000
1886	Japan	38800000
1887	Japan	39200000
1888	Japan	39500000
1889	Japan	39800000
1890	Japan	40200000
1891	Japan	40600000
1892	Japan	41000000
1893	Japan	41400000
1894	Japan	41700000
1895	Japan	42100000
1896	Japan	42500000
1897	Japan	42900000
1898	Japan	43400000
1899	Japan	43800000
1900	Japan	44300000
1901	Japan	44800000
1902	Japan	45300000
1903	Japan	45800000
1904	Japan	46300000
1905	Japan	46900000
1906	Japan	47400000
1907	Japan	47900000
1908	Japan	48500000
1909	Japan	49100000
1910	Japan	49600000
1911	Japan	50200000
1912	Japan	50800000
1913	Japan	51400000
1914	Japan	52000000
1915	Japan	52600000
1916	Japan	53300000
1917	Japan	53900000
1918	Japan	54600000
1919	Japan	55300000
1920	Japan	56000000
1921	Japan	56800000
1922	Japan	57600000
1923	Japan	58400000
1924	Japan	59200000
1925	Japan	60100000
1926	Japan	60900000
1927	Japan	61800000
1928	Japan	62600000
1929	Japan	63500000
1930	Japan	64300000
1931	Japan	65200000
1932	Japan	66000000
1933	Japan	66900000
1934	Japan	67700000
1935	Japan	68600000
1936	Japan	69500000
1937	Japan	70400000
1938	Japan	71300000
1939	Japan	72200000
1940	Japan	73200000
1941	Japan	74200000
1942	Japan	75300000
1943	Japan	76300000
1944	Japan	77400000
1945	Japan	78400000
1946	Japan	79500000
1947	Japan	80700000
1948	Japan	81700000
1949	Japan	82800000
1950	Japan	84300000
1951	Japan	85700000
1952	Japan	86900000
1953	Japan	88000000
1954	Japan	89000000
1955	Japan	90000000
1956	Japan	91000000
1957	Japan	91900000
1958	Japan	92800000
1959	Japan	93700000
1960	Japan	94600000
1961	Japan	95500000
1962	Japan	96400000
1963	Japan	97400000
1964	Japan	98400000
1965	Japan	99600000
1966	Japan	101000000
1967	Japan	102000000
1968	Japan	103000000
1969	Japan	105000000
1970	Japan	106000000
1971	Japan	108000000
1972	Japan	110000000
1973	Japan	111000000
1974	Japan	112000000
1975	Japan	114000000
1976	Japan	115000000
1977	Japan	116000000
1978	Japan	117000000
1979	Japan	118000000
1980	Japan	119000000
1981	Japan	120000000
1982	Japan	120000000
1983	Japan	121000000
1984	Japan	122000000
1985	Japan	123000000
1986	Japan	123000000
1987	Japan	124000000
1988	Japan	124000000
1989	Japan	125000000
1990	Japan	125000000
1991	Japan	125000000
1992	Japan	126000000
1993	Japan	126000000
1994	Japan	126000000
1995	Japan	127000000
1996	Japan	127000000
1997	Japan	127000000
1998	Japan	127000000
1999	Japan	128000000
2000	Japan	128000000
2001	Japan	128000000
2002	Japan	128000000
2003	Japan	128000000
2004	Japan	128000000
2005	Japan	128000000
2006	Japan	128000000
2007	Japan	129000000
2008	Japan	129000000
2009	Japan	129000000
2010	Japan	128000000
2011	Japan	128000000
2012	Japan	128000000
2013	Japan	128000000
2014	Japan	128000000
2015	Japan	128000000
2016	Japan	128000000
2017	Japan	127000000
2018	Japan	127000000
2019	Japan	126000000
1799	Nigeria	12100000
1800	Nigeria	12100000
1801	Nigeria	12100000
1802	Nigeria	12100000
1803	Nigeria	12100000
1804	Nigeria	12100000
1805	Nigeria	12100000
1806	Nigeria	12100000
1807	Nigeria	12100000
1808	Nigeria	12100000
1809	Nigeria	12100000
1810	Nigeria	12100000
1811	Nigeria	12100000
1812	Nigeria	12100000
1813	Nigeria	12100000
1814	Nigeria	12100000
1815	Nigeria	12100000
1816	Nigeria	12100000
1817	Nigeria	12100000
1818	Nigeria	12100000
1819	Nigeria	12100000
1820	Nigeria	12200000
1821	Nigeria	12200000
1822	Nigeria	12200000
1823	Nigeria	12300000
1824	Nigeria	12300000
1825	Nigeria	12400000
1826	Nigeria	12400000
1827	Nigeria	12500000
1828	Nigeria	12500000
1829	Nigeria	12600000
1830	Nigeria	12600000
1831	Nigeria	12700000
1832	Nigeria	12700000
1833	Nigeria	12800000
1834	Nigeria	12800000
1835	Nigeria	12800000
1836	Nigeria	12900000
1837	Nigeria	12900000
1838	Nigeria	13000000
1839	Nigeria	13000000
1840	Nigeria	13100000
1841	Nigeria	13100000
1842	Nigeria	13200000
1843	Nigeria	13200000
1844	Nigeria	13300000
1845	Nigeria	13300000
1846	Nigeria	13400000
1847	Nigeria	13400000
1848	Nigeria	13500000
1849	Nigeria	13500000
1850	Nigeria	13600000
1851	Nigeria	13700000
1852	Nigeria	13800000
1853	Nigeria	13800000
1854	Nigeria	13900000
1855	Nigeria	14000000
1856	Nigeria	14100000
1857	Nigeria	14100000
1858	Nigeria	14200000
1859	Nigeria	14300000
1860	Nigeria	14400000
1861	Nigeria	14500000
1862	Nigeria	14600000
1863	Nigeria	14600000
1864	Nigeria	14700000
1865	Nigeria	14800000
1866	Nigeria	14900000
1867	Nigeria	15000000
1868	Nigeria	15100000
1869	Nigeria	15200000
1870	Nigeria	15300000
1871	Nigeria	15400000
1872	Nigeria	15500000
1873	Nigeria	15600000
1874	Nigeria	15700000
1875	Nigeria	15800000
1876	Nigeria	15900000
1877	Nigeria	16000000
1878	Nigeria	16100000
1879	Nigeria	16300000
1880	Nigeria	16400000
1881	Nigeria	16500000
1882	Nigeria	16600000
1883	Nigeria	16800000
1884	Nigeria	16900000
1885	Nigeria	17000000
1886	Nigeria	17200000
1887	Nigeria	17300000
1888	Nigeria	17400000
1889	Nigeria	17600000
1890	Nigeria	17700000
1891	Nigeria	17800000
1892	Nigeria	18000000
1893	Nigeria	18100000
1894	Nigeria	18200000
1895	Nigeria	18400000
1896	Nigeria	18500000
1897	Nigeria	18600000
1898	Nigeria	18800000
1899	Nigeria	18900000
1900	Nigeria	19100000
1901	Nigeria	19300000
1902	Nigeria	19500000
1903	Nigeria	19700000
1904	Nigeria	19900000
1905	Nigeria	20100000
1906	Nigeria	20300000
1907	Nigeria	20600000
1908	Nigeria	20800000
1909	Nigeria	21000000
1910	Nigeria	21200000
1911	Nigeria	21400000
1912	Nigeria	21700000
1913	Nigeria	21900000
1914	Nigeria	22100000
1915	Nigeria	22400000
1916	Nigeria	22600000
1917	Nigeria	22800000
1918	Nigeria	23100000
1919	Nigeria	23300000
1920	Nigeria	23700000
1921	Nigeria	24000000
1922	Nigeria	24400000
1923	Nigeria	24800000
1924	Nigeria	25200000
1925	Nigeria	25600000
1926	Nigeria	26000000
1927	Nigeria	26400000
1928	Nigeria	26800000
1929	Nigeria	27200000
1930	Nigeria	27600000
1931	Nigeria	28100000
1932	Nigeria	28500000
1933	Nigeria	28900000
1934	Nigeria	29300000
1935	Nigeria	29800000
1936	Nigeria	30200000
1937	Nigeria	30700000
1938	Nigeria	31100000
1939	Nigeria	31600000
1940	Nigeria	32200000
1941	Nigeria	32700000
1942	Nigeria	33300000
1943	Nigeria	33900000
1944	Nigeria	34500000
1945	Nigeria	35200000
1946	Nigeria	35800000
1947	Nigeria	36400000
1948	Nigeria	37100000
1949	Nigeria	37900000
1950	Nigeria	38400000
1951	Nigeria	39000000
1952	Nigeria	39700000
1953	Nigeria	40400000
1954	Nigeria	41100000
1955	Nigeria	41800000
1956	Nigeria	42600000
1957	Nigeria	43400000
1958	Nigeria	44300000
1959	Nigeria	45100000
1960	Nigeria	46100000
1961	Nigeria	47000000
1962	Nigeria	48000000
1963	Nigeria	49100000
1964	Nigeria	50100000
1965	Nigeria	51200000
1966	Nigeria	52300000
1967	Nigeria	53500000
1968	Nigeria	54700000
1969	Nigeria	56000000
1970	Nigeria	57300000
1971	Nigeria	58700000
1972	Nigeria	60100000
1973	Nigeria	61700000
1974	Nigeria	63400000
1975	Nigeria	65200000
1976	Nigeria	67200000
1977	Nigeria	69300000
1978	Nigeria	71400000
1979	Nigeria	73400000
1980	Nigeria	75400000
1981	Nigeria	77400000
1982	Nigeria	79400000
1983	Nigeria	81400000
1984	Nigeria	83600000
1985	Nigeria	85800000
1986	Nigeria	88000000
1987	Nigeria	90400000
1988	Nigeria	92800000
1989	Nigeria	95200000
1990	Nigeria	97700000
1991	Nigeria	100000000
1992	Nigeria	103000000
1993	Nigeria	105000000
1994	Nigeria	108000000
1995	Nigeria	111000000
1996	Nigeria	113000000
1997	Nigeria	116000000
1998	Nigeria	119000000
1999	Nigeria	122000000
2000	Nigeria	125000000
2001	Nigeria	129000000
2002	Nigeria	132000000
2003	Nigeria	135000000
2004	Nigeria	139000000
2005	Nigeria	143000000
2006	Nigeria	146000000
2007	Nigeria	150000000
2008	Nigeria	154000000
2009	Nigeria	159000000
2010	Nigeria	163000000
2011	Nigeria	167000000
2012	Nigeria	172000000
2013	Nigeria	176000000
2014	Nigeria	181000000
2015	Nigeria	186000000
2016	Nigeria	191000000
2017	Nigeria	196000000
2018	Nigeria	201000000
2019	Nigeria	206000000
1799	Pakistan	13100000
1800	Pakistan	13100000
1801	Pakistan	13200000
1802	Pakistan	13200000
1803	Pakistan	13200000
1804	Pakistan	13200000
1805	Pakistan	13300000
1806	Pakistan	13300000
1807	Pakistan	13300000
1808	Pakistan	13400000
1809	Pakistan	13400000
1810	Pakistan	13400000
1811	Pakistan	13400000
1812	Pakistan	13500000
1813	Pakistan	13500000
1814	Pakistan	13500000
1815	Pakistan	13600000
1816	Pakistan	13600000
1817	Pakistan	13600000
1818	Pakistan	13700000
1819	Pakistan	13700000
1820	Pakistan	13700000
1821	Pakistan	13700000
1822	Pakistan	13800000
1823	Pakistan	13800000
1824	Pakistan	13900000
1825	Pakistan	13900000
1826	Pakistan	14000000
1827	Pakistan	14000000
1828	Pakistan	14100000
1829	Pakistan	14100000
1830	Pakistan	14200000
1831	Pakistan	14200000
1832	Pakistan	14200000
1833	Pakistan	14300000
1834	Pakistan	14300000
1835	Pakistan	14400000
1836	Pakistan	14400000
1837	Pakistan	14500000
1838	Pakistan	14500000
1839	Pakistan	14600000
1840	Pakistan	14600000
1841	Pakistan	14700000
1842	Pakistan	14700000
1843	Pakistan	14800000
1844	Pakistan	14800000
1845	Pakistan	14900000
1846	Pakistan	14900000
1847	Pakistan	15000000
1848	Pakistan	15000000
1849	Pakistan	15100000
1850	Pakistan	15100000
1851	Pakistan	15100000
1852	Pakistan	15200000
1853	Pakistan	15200000
1854	Pakistan	15300000
1855	Pakistan	15300000
1856	Pakistan	15300000
1857	Pakistan	15400000
1858	Pakistan	15400000
1859	Pakistan	15400000
1860	Pakistan	15500000
1861	Pakistan	15500000
1862	Pakistan	15600000
1863	Pakistan	15600000
1864	Pakistan	15600000
1865	Pakistan	15700000
1866	Pakistan	15700000
1867	Pakistan	15800000
1868	Pakistan	15800000
1869	Pakistan	15900000
1870	Pakistan	15900000
1871	Pakistan	16000000
1872	Pakistan	16100000
1873	Pakistan	16100000
1874	Pakistan	16200000
1875	Pakistan	16300000
1876	Pakistan	16400000
1877	Pakistan	16400000
1878	Pakistan	16500000
1879	Pakistan	16600000
1880	Pakistan	16700000
1881	Pakistan	16700000
1882	Pakistan	16800000
1883	Pakistan	16900000
1884	Pakistan	17000000
1885	Pakistan	17100000
1886	Pakistan	17100000
1887	Pakistan	17200000
1888	Pakistan	17300000
1889	Pakistan	17400000
1890	Pakistan	17500000
1891	Pakistan	17500000
1892	Pakistan	17600000
1893	Pakistan	17700000
1894	Pakistan	17800000
1895	Pakistan	17900000
1896	Pakistan	18000000
1897	Pakistan	18000000
1898	Pakistan	18100000
1899	Pakistan	18200000
1900	Pakistan	18300000
1901	Pakistan	18400000
1902	Pakistan	18500000
1903	Pakistan	18500000
1904	Pakistan	18600000
1905	Pakistan	18700000
1906	Pakistan	18800000
1907	Pakistan	18900000
1908	Pakistan	19000000
1909	Pakistan	19200000
1910	Pakistan	19300000
1911	Pakistan	19500000
1912	Pakistan	19800000
1913	Pakistan	20000000
1914	Pakistan	20300000
1915	Pakistan	20500000
1916	Pakistan	20800000
1917	Pakistan	21100000
1918	Pakistan	21400000
1919	Pakistan	21700000
1920	Pakistan	22000000
1921	Pakistan	22400000
1922	Pakistan	22800000
1923	Pakistan	23300000
1924	Pakistan	23700000
1925	Pakistan	24100000
1926	Pakistan	24600000
1927	Pakistan	25000000
1928	Pakistan	25500000
1929	Pakistan	26000000
1930	Pakistan	26400000
1931	Pakistan	26900000
1932	Pakistan	27400000
1933	Pakistan	27900000
1934	Pakistan	28400000
1935	Pakistan	29000000
1936	Pakistan	29500000
1937	Pakistan	30000000
1938	Pakistan	30600000
1939	Pakistan	31200000
1940	Pakistan	31700000
1941	Pakistan	32300000
1942	Pakistan	32900000
1943	Pakistan	33500000
1944	Pakistan	34100000
1945	Pakistan	34800000
1946	Pakistan	35400000
1947	Pakistan	36100000
1948	Pakistan	36800000
1949	Pakistan	37500000
1950	Pakistan	38000000
1951	Pakistan	38500000
1952	Pakistan	39100000
1953	Pakistan	39800000
1954	Pakistan	40500000
1955	Pakistan	41300000
1956	Pakistan	42100000
1957	Pakistan	43000000
1958	Pakistan	44000000
1959	Pakistan	45000000
1960	Pakistan	46100000
1961	Pakistan	47200000
1962	Pakistan	48400000
1963	Pakistan	49600000
1964	Pakistan	50900000
1965	Pakistan	52300000
1966	Pakistan	53700000
1967	Pakistan	55100000
1968	Pakistan	56600000
1969	Pakistan	58100000
1970	Pakistan	59700000
1971	Pakistan	61400000
1972	Pakistan	63100000
1973	Pakistan	64900000
1974	Pakistan	66800000
1975	Pakistan	68800000
1976	Pakistan	71000000
1977	Pakistan	73200000
1978	Pakistan	75600000
1979	Pakistan	78100000
1980	Pakistan	80700000
1981	Pakistan	83400000
1982	Pakistan	86300000
1983	Pakistan	89200000
1984	Pakistan	92200000
1985	Pakistan	95200000
1986	Pakistan	98300000
1987	Pakistan	101000000
1988	Pakistan	105000000
1989	Pakistan	108000000
1990	Pakistan	111000000
1991	Pakistan	114000000
1992	Pakistan	117000000
1993	Pakistan	120000000
1994	Pakistan	124000000
1995	Pakistan	127000000
1996	Pakistan	131000000
1997	Pakistan	135000000
1998	Pakistan	139000000
1999	Pakistan	142000000
2000	Pakistan	146000000
2001	Pakistan	150000000
2002	Pakistan	153000000
2003	Pakistan	157000000
2004	Pakistan	160000000
2005	Pakistan	164000000
2006	Pakistan	168000000
2007	Pakistan	172000000
2008	Pakistan	176000000
2009	Pakistan	179000000
2010	Pakistan	183000000
2011	Pakistan	187000000
2012	Pakistan	191000000
2013	Pakistan	195000000
2014	Pakistan	199000000
2015	Pakistan	204000000
2016	Pakistan	208000000
2017	Pakistan	212000000
2018	Pakistan	217000000
2019	Pakistan	221000000
1799	Russia	31300000
1800	Russia	31300000
1801	Russia	31300000
1802	Russia	31300000
1803	Russia	31300000
1804	Russia	31300000
1805	Russia	31300000
1806	Russia	31300000
1807	Russia	31300000
1808	Russia	31300000
1809	Russia	31300000
1810	Russia	31300000
1811	Russia	31300000
1812	Russia	31400000
1813	Russia	31400000
1814	Russia	31500000
1815	Russia	31600000
1816	Russia	31700000
1817	Russia	31800000
1818	Russia	31900000
1819	Russia	32100000
1820	Russia	32200000
1821	Russia	32400000
1822	Russia	32600000
1823	Russia	32800000
1824	Russia	33000000
1825	Russia	33300000
1826	Russia	33500000
1827	Russia	33800000
1828	Russia	34100000
1829	Russia	34400000
1830	Russia	34700000
1831	Russia	35000000
1832	Russia	35300000
1833	Russia	35600000
1834	Russia	36000000
1835	Russia	36300000
1836	Russia	36600000
1837	Russia	37000000
1838	Russia	37300000
1839	Russia	37700000
1840	Russia	38000000
1841	Russia	38400000
1842	Russia	38700000
1843	Russia	39100000
1844	Russia	39400000
1845	Russia	39800000
1846	Russia	40200000
1847	Russia	40500000
1848	Russia	40900000
1849	Russia	41300000
1850	Russia	41700000
1851	Russia	42100000
1852	Russia	42400000
1853	Russia	42800000
1854	Russia	43200000
1855	Russia	43600000
1856	Russia	44000000
1857	Russia	44400000
1858	Russia	44800000
1859	Russia	45200000
1860	Russia	45600000
1861	Russia	46100000
1862	Russia	46500000
1863	Russia	46900000
1864	Russia	47300000
1865	Russia	47800000
1866	Russia	48200000
1867	Russia	48600000
1868	Russia	49100000
1869	Russia	49500000
1870	Russia	49900000
1871	Russia	50400000
1872	Russia	50800000
1873	Russia	51300000
1874	Russia	51800000
1875	Russia	52200000
1876	Russia	52700000
1877	Russia	53200000
1878	Russia	53700000
1879	Russia	54200000
1880	Russia	54700000
1881	Russia	55200000
1882	Russia	55700000
1883	Russia	56200000
1884	Russia	56700000
1885	Russia	57200000
1886	Russia	57700000
1887	Russia	58200000
1888	Russia	58800000
1889	Russia	59300000
1890	Russia	59900000
1891	Russia	60400000
1892	Russia	60900000
1893	Russia	61500000
1894	Russia	62100000
1895	Russia	62600000
1896	Russia	63200000
1897	Russia	63800000
1898	Russia	64400000
1899	Russia	64900000
1900	Russia	65500000
1901	Russia	66100000
1902	Russia	66700000
1903	Russia	67300000
1904	Russia	68000000
1905	Russia	68600000
1906	Russia	69200000
1907	Russia	69800000
1908	Russia	70500000
1909	Russia	71100000
1910	Russia	71700000
1911	Russia	72400000
1912	Russia	73100000
1913	Russia	73700000
1914	Russia	74400000
1915	Russia	75100000
1916	Russia	75800000
1917	Russia	76500000
1918	Russia	77200000
1919	Russia	77900000
1920	Russia	78600000
1921	Russia	79300000
1922	Russia	80000000
1923	Russia	80800000
1924	Russia	81500000
1925	Russia	82300000
1926	Russia	83000000
1927	Russia	83800000
1928	Russia	84600000
1929	Russia	85400000
1930	Russia	86200000
1931	Russia	87000000
1932	Russia	87800000
1933	Russia	88600000
1934	Russia	89400000
1935	Russia	90200000
1936	Russia	91000000
1937	Russia	91900000
1938	Russia	92700000
1939	Russia	93600000
1940	Russia	94500000
1941	Russia	95300000
1942	Russia	96200000
1943	Russia	97100000
1944	Russia	98000000
1945	Russia	98900000
1946	Russia	99800000
1947	Russia	101000000
1948	Russia	102000000
1949	Russia	103000000
1950	Russia	104000000
1951	Russia	106000000
1952	Russia	108000000
1953	Russia	110000000
1954	Russia	111000000
1955	Russia	113000000
1956	Russia	115000000
1957	Russia	117000000
1958	Russia	118000000
1959	Russia	120000000
1960	Russia	121000000
1961	Russia	123000000
1962	Russia	124000000
1963	Russia	125000000
1964	Russia	127000000
1965	Russia	127000000
1966	Russia	128000000
1967	Russia	129000000
1968	Russia	129000000
1969	Russia	130000000
1970	Russia	131000000
1971	Russia	132000000
1972	Russia	132000000
1973	Russia	133000000
1974	Russia	134000000
1975	Russia	135000000
1976	Russia	135000000
1977	Russia	136000000
1978	Russia	137000000
1979	Russia	138000000
1980	Russia	139000000
1981	Russia	140000000
1982	Russia	141000000
1983	Russia	142000000
1984	Russia	143000000
1985	Russia	144000000
1986	Russia	145000000
1987	Russia	146000000
1988	Russia	147000000
1989	Russia	148000000
1990	Russia	148000000
1991	Russia	148000000
1992	Russia	148000000
1993	Russia	148000000
1994	Russia	148000000
1995	Russia	148000000
1996	Russia	148000000
1997	Russia	147000000
1998	Russia	147000000
1999	Russia	146000000
2000	Russia	146000000
2001	Russia	145000000
2002	Russia	145000000
2003	Russia	144000000
2004	Russia	144000000
2005	Russia	143000000
2006	Russia	143000000
2007	Russia	143000000
2008	Russia	143000000
2009	Russia	143000000
2010	Russia	144000000
2011	Russia	144000000
2012	Russia	144000000
2013	Russia	145000000
2014	Russia	145000000
2015	Russia	145000000
2016	Russia	146000000
2017	Russia	146000000
2018	Russia	146000000
2019	Russia	146000000
1799	Tanzania	3000000
1800	Tanzania	3000000
1801	Tanzania	3000000
1802	Tanzania	3000000
1803	Tanzania	3000000
1804	Tanzania	3000000
1805	Tanzania	3010000
1806	Tanzania	3010000
1807	Tanzania	3010000
1808	Tanzania	3010000
1809	Tanzania	3010000
1810	Tanzania	3010000
1811	Tanzania	3010000
1812	Tanzania	3010000
1813	Tanzania	3010000
1814	Tanzania	3010000
1815	Tanzania	3020000
1816	Tanzania	3020000
1817	Tanzania	3020000
1818	Tanzania	3030000
1819	Tanzania	3060000
1820	Tanzania	3090000
1821	Tanzania	3140000
1822	Tanzania	3210000
1823	Tanzania	3270000
1824	Tanzania	3340000
1825	Tanzania	3400000
1826	Tanzania	3470000
1827	Tanzania	3540000
1828	Tanzania	3610000
1829	Tanzania	3680000
1830	Tanzania	3760000
1831	Tanzania	3830000
1832	Tanzania	3910000
1833	Tanzania	3990000
1834	Tanzania	4060000
1835	Tanzania	4150000
1836	Tanzania	4230000
1837	Tanzania	4310000
1838	Tanzania	4400000
1839	Tanzania	4490000
1840	Tanzania	4580000
1841	Tanzania	4670000
1842	Tanzania	4760000
1843	Tanzania	4860000
1844	Tanzania	4950000
1845	Tanzania	5050000
1846	Tanzania	5150000
1847	Tanzania	5260000
1848	Tanzania	5340000
1849	Tanzania	5400000
1850	Tanzania	5440000
1851	Tanzania	5460000
1852	Tanzania	5450000
1853	Tanzania	5440000
1854	Tanzania	5440000
1855	Tanzania	5430000
1856	Tanzania	5430000
1857	Tanzania	5420000
1858	Tanzania	5410000
1859	Tanzania	5410000
1860	Tanzania	5400000
1861	Tanzania	5400000
1862	Tanzania	5390000
1863	Tanzania	5380000
1864	Tanzania	5380000
1865	Tanzania	5370000
1866	Tanzania	5370000
1867	Tanzania	5360000
1868	Tanzania	5350000
1869	Tanzania	5350000
1870	Tanzania	5340000
1871	Tanzania	5340000
1872	Tanzania	5330000
1873	Tanzania	5330000
1874	Tanzania	5320000
1875	Tanzania	5310000
1876	Tanzania	5310000
1877	Tanzania	5300000
1878	Tanzania	5300000
1879	Tanzania	5300000
1880	Tanzania	5300000
1881	Tanzania	5310000
1882	Tanzania	5320000
1883	Tanzania	5330000
1884	Tanzania	5340000
1885	Tanzania	5350000
1886	Tanzania	5360000
1887	Tanzania	5370000
1888	Tanzania	5370000
1889	Tanzania	5360000
1890	Tanzania	5340000
1891	Tanzania	5310000
1892	Tanzania	5260000
1893	Tanzania	5220000
1894	Tanzania	5180000
1895	Tanzania	5140000
1896	Tanzania	5090000
1897	Tanzania	5050000
1898	Tanzania	5020000
1899	Tanzania	4980000
1900	Tanzania	4960000
1901	Tanzania	4930000
1902	Tanzania	4910000
1903	Tanzania	4890000
1904	Tanzania	4870000
1905	Tanzania	4850000
1906	Tanzania	4830000
1907	Tanzania	4810000
1908	Tanzania	4800000
1909	Tanzania	4780000
1910	Tanzania	4780000
1911	Tanzania	4770000
1912	Tanzania	4770000
1913	Tanzania	4770000
1914	Tanzania	4770000
1915	Tanzania	4770000
1916	Tanzania	4770000
1917	Tanzania	4770000
1918	Tanzania	4780000
1919	Tanzania	4810000
1920	Tanzania	4860000
1921	Tanzania	4910000
1922	Tanzania	4990000
1923	Tanzania	5060000
1924	Tanzania	5140000
1925	Tanzania	5220000
1926	Tanzania	5290000
1927	Tanzania	5370000
1928	Tanzania	5450000
1929	Tanzania	5530000
1930	Tanzania	5610000
1931	Tanzania	5690000
1932	Tanzania	5770000
1933	Tanzania	5850000
1934	Tanzania	5930000
1935	Tanzania	6020000
1936	Tanzania	6100000
1937	Tanzania	6190000
1938	Tanzania	6280000
1939	Tanzania	6380000
1940	Tanzania	6480000
1941	Tanzania	6590000
1942	Tanzania	6710000
1943	Tanzania	6830000
1944	Tanzania	6960000
1945	Tanzania	7080000
1946	Tanzania	7210000
1947	Tanzania	7340000
1948	Tanzania	7480000
1949	Tanzania	7650000
1950	Tanzania	7840000
1951	Tanzania	8050000
1952	Tanzania	8270000
1953	Tanzania	8490000
1954	Tanzania	8730000
1955	Tanzania	8970000
1956	Tanzania	9230000
1957	Tanzania	9490000
1958	Tanzania	9770000
1959	Tanzania	10100000
1960	Tanzania	10300000
1961	Tanzania	10700000
1962	Tanzania	11000000
1963	Tanzania	11300000
1964	Tanzania	11600000
1965	Tanzania	12000000
1966	Tanzania	12300000
1967	Tanzania	12700000
1968	Tanzania	13100000
1969	Tanzania	13500000
1970	Tanzania	14000000
1971	Tanzania	14400000
1972	Tanzania	14900000
1973	Tanzania	15400000
1974	Tanzania	15900000
1975	Tanzania	16400000
1976	Tanzania	16900000
1977	Tanzania	17400000
1978	Tanzania	18000000
1979	Tanzania	18500000
1980	Tanzania	19100000
1981	Tanzania	19700000
1982	Tanzania	20300000
1983	Tanzania	21000000
1984	Tanzania	21600000
1985	Tanzania	22300000
1986	Tanzania	23000000
1987	Tanzania	23700000
1988	Tanzania	24400000
1989	Tanzania	25200000
1990	Tanzania	26100000
1991	Tanzania	27000000
1992	Tanzania	27900000
1993	Tanzania	28800000
1994	Tanzania	29600000
1995	Tanzania	30400000
1996	Tanzania	31200000
1997	Tanzania	31900000
1998	Tanzania	32700000
1999	Tanzania	33500000
2000	Tanzania	34400000
2001	Tanzania	35300000
2002	Tanzania	36300000
2003	Tanzania	37400000
2004	Tanzania	38500000
2005	Tanzania	39500000
2006	Tanzania	40700000
2007	Tanzania	41900000
2008	Tanzania	43100000
2009	Tanzania	44300000
2010	Tanzania	45700000
2011	Tanzania	47100000
2012	Tanzania	48500000
2013	Tanzania	50000000
2014	Tanzania	51500000
2015	Tanzania	53000000
2016	Tanzania	54700000
2017	Tanzania	56300000
2018	Tanzania	58000000
2019	Tanzania	59700000
1799	United States	6000000
1800	United States	6110000
1801	United States	6230000
1802	United States	6350000
1803	United States	6470000
1804	United States	6590000
1805	United States	6720000
1806	United States	6840000
1807	United States	6970000
1808	United States	7110000
1809	United States	7300000
1810	United States	7500000
1811	United States	7730000
1812	United States	7980000
1813	United States	8240000
1814	United States	8510000
1815	United States	8790000
1816	United States	9070000
1817	United States	9370000
1818	United States	9670000
1819	United States	9970000
1820	United States	10300000
1821	United States	10600000
1822	United States	10900000
1823	United States	11200000
1824	United States	11500000
1825	United States	11800000
1826	United States	12200000
1827	United States	12500000
1828	United States	12900000
1829	United States	13200000
1830	United States	13600000
1831	United States	14000000
1832	United States	14400000
1833	United States	14800000
1834	United States	15200000
1835	United States	15600000
1836	United States	16100000
1837	United States	16500000
1838	United States	17000000
1839	United States	17500000
1840	United States	18000000
1841	United States	18500000
1842	United States	19100000
1843	United States	19700000
1844	United States	20300000
1845	United States	20900000
1846	United States	21600000
1847	United States	22200000
1848	United States	22900000
1849	United States	23600000
1850	United States	24300000
1851	United States	25100000
1852	United States	25900000
1853	United States	26700000
1854	United States	27500000
1855	United States	28400000
1856	United States	29200000
1857	United States	30200000
1858	United States	31100000
1859	United States	31900000
1860	United States	32800000
1861	United States	33600000
1862	United States	34400000
1863	United States	35300000
1864	United States	36100000
1865	United States	37000000
1866	United States	37900000
1867	United States	38800000
1868	United States	39800000
1869	United States	40700000
1870	United States	41700000
1871	United States	42700000
1872	United States	43700000
1873	United States	44700000
1874	United States	45800000
1875	United States	46800000
1876	United States	47900000
1877	United States	49100000
1878	United States	50200000
1879	United States	51400000
1880	United States	52600000
1881	United States	53900000
1882	United States	55100000
1883	United States	56400000
1884	United States	57700000
1885	United States	59100000
1886	United States	60500000
1887	United States	61900000
1888	United States	63300000
1889	United States	64700000
1890	United States	66100000
1891	United States	67400000
1892	United States	68700000
1893	United States	70100000
1894	United States	71500000
1895	United States	72900000
1896	United States	74300000
1897	United States	75700000
1898	United States	77200000
1899	United States	78800000
1900	United States	80300000
1901	United States	81900000
1902	United States	83600000
1903	United States	85300000
1904	United States	87000000
1905	United States	88800000
1906	United States	90600000
1907	United States	92400000
1908	United States	94200000
1909	United States	95900000
1910	United States	97500000
1911	United States	99000000
1912	United States	101000000
1913	United States	102000000
1914	United States	104000000
1915	United States	105000000
1916	United States	107000000
1917	United States	108000000
1918	United States	110000000
1919	United States	111000000
1920	United States	113000000
1921	United States	115000000
1922	United States	116000000
1923	United States	118000000
1924	United States	120000000
1925	United States	121000000
1926	United States	123000000
1927	United States	125000000
1928	United States	127000000
1929	United States	128000000
1930	United States	129000000
1931	United States	131000000
1932	United States	131000000
1933	United States	132000000
1934	United States	133000000
1935	United States	134000000
1936	United States	135000000
1937	United States	136000000
1938	United States	137000000
1939	United States	139000000
1940	United States	140000000
1941	United States	142000000
1942	United States	144000000
1943	United States	146000000
1944	United States	148000000
1945	United States	150000000
1946	United States	152000000
1947	United States	154000000
1948	United States	156000000
1949	United States	159000000
1950	United States	161000000
1951	United States	163000000
1952	United States	166000000
1953	United States	169000000
1954	United States	172000000
1955	United States	175000000
1956	United States	178000000
1957	United States	181000000
1958	United States	184000000
1959	United States	187000000
1960	United States	190000000
1961	United States	192000000
1962	United States	195000000
1963	United States	197000000
1964	United States	200000000
1965	United States	202000000
1966	United States	204000000
1967	United States	206000000
1968	United States	208000000
1969	United States	210000000
1970	United States	211000000
1971	United States	213000000
1972	United States	215000000
1973	United States	217000000
1974	United States	219000000
1975	United States	221000000
1976	United States	223000000
1977	United States	225000000
1978	United States	227000000
1979	United States	229000000
1980	United States	232000000
1981	United States	234000000
1982	United States	236000000
1983	United States	238000000
1984	United States	240000000
1985	United States	243000000
1986	United States	245000000
1987	United States	247000000
1988	United States	250000000
1989	United States	252000000
1990	United States	255000000
1991	United States	257000000
1992	United States	260000000
1993	United States	262000000
1994	United States	265000000
1995	United States	268000000
1996	United States	272000000
1997	United States	275000000
1998	United States	279000000
1999	United States	282000000
2000	United States	285000000
2001	United States	287000000
2002	United States	290000000
2003	United States	292000000
2004	United States	295000000
2005	United States	298000000
2006	United States	301000000
2007	United States	303000000
2008	United States	306000000
2009	United States	309000000
2010	United States	312000000
2011	United States	314000000
2012	United States	316000000
2013	United States	319000000
2014	United States	321000000
2015	United States	323000000
2016	United States	325000000
2017	United States	327000000
2018	United States	329000000
2019	United States	331000000
